feature,importance_mean,importance_std
age,0.15348967687837728,0.004831814380161728
bmi,0.04052846523589,0.003791754045552141
work_type,0.00943849610351399,0.009949807903966556
smoking_status,0.002708746189919961,0.0035586755834821136
ever_married,0.0009940832891806388,0.0009072379456091719
avg_glucose_level,0.0008928194820072705,0.002367729383078235
heart_disease,0.0001080249187909249,0.0005527328906480037
Residence_type,4.329054106363972e-06,0.0005569093229598949
hypertension,-0.0013023933205604688,0.003021044817639512
gender,-0.0030060279189435463,0.002572586996474197
