threshold,recall,precision,f1
0.05,0.9949748743718593,0.06844106463878327,0.12807244501940493
0.06,0.9899497487437185,0.07088880892407341,0.132303559435863
0.07,0.9849246231155779,0.07302533532041729,0.13596947624002775
0.08,0.9849246231155779,0.07535563244905806,0.14
0.09,0.9849246231155779,0.0771957463568334,0.14317019722425128
0.1,0.9849246231155779,0.07909604519774012,0.14643257377661562
0.11,0.9849246231155779,0.08082474226804123,0.14939024390243902
0.12,0.9849246231155779,0.08277027027027027,0.1527074405921309
0.13,0.9849246231155779,0.0847750865051903,0.1561131023496615
0.14,0.9798994974874372,0.08605472197705208,0.15821501014198783
0.15,0.9798994974874372,0.08803611738148984,0.1615575807787904
0.16,0.9798994974874372,0.09006928406466513,0.1649746192893401
0.17,0.9748743718592965,0.09129411764705882,0.16695352839931152
0.18,0.9698492462311558,0.09265482477196352,0.1691498685363716
0.19,0.9698492462311558,0.09419228892142509,0.17170818505338079
0.2,0.964824120603015,0.09542743538767395,0.17367706919945725
0.21,0.964824120603015,0.09800918836140889,0.17794253938832252
0.22,0.964824120603015,0.09937888198757763,0.18019709056780855
0.23,0.949748743718593,0.10031847133757962,0.1814690350456073
0.24,0.9396984924623115,0.10080862533692722,0.18208373904576436
0.25,0.9346733668341709,0.1021978021978022,0.18424962852897475
0.26,0.9246231155778895,0.10342889263631254,0.18604651162790697
0.27,0.9195979899497487,0.10487106017191977,0.1882716049382716
0.28,0.914572864321608,0.10606060606060606,0.19007832898172325
0.29,0.914572864321608,0.10839785586658725,0.19382321618743345
0.3,0.9095477386934674,0.11009732360097324,0.19641888225718937
0.31,0.9095477386934674,0.11291328758577666,0.2008879023307436
0.32,0.8944723618090452,0.11315956770502225,0.20090293453724606
0.33,0.8844221105527639,0.11376858435681965,0.2016036655211913
0.34,0.8844221105527639,0.11563731931668857,0.20453224869262057
0.35,0.8793969849246231,0.11737089201877934,0.20710059171597633
0.36,0.8793969849246231,0.11848341232227488,0.20883054892601433
0.37,0.8693467336683417,0.12030598052851182,0.21136224801466097
0.38,0.864321608040201,0.12294496068620443,0.21526908635794745
0.39,0.8592964824120602,0.12418300653594772,0.217005076142132
0.4,0.8542713567839196,0.12620638455827765,0.21992238033635186
0.41,0.8442211055276382,0.12727272727272726,0.22119815668202766
0.42,0.8442211055276382,0.12982998454404945,0.22505023442732752
0.43,0.8341708542713567,0.13009404388714735,0.22508474576271187
0.44,0.8291457286432161,0.13242375601926162,0.22837370242214533
0.45,0.8140703517587939,0.13246116107931316,0.22784810126582278
0.46,0.8090452261306532,0.13383208645054032,0.2296718972895863
0.47,0.7939698492462312,0.13458262350936967,0.23015294974508377
0.48,0.7839195979899497,0.13588850174216027,0.23162583518930957
0.49,0.7788944723618091,0.13814616755793227,0.23467070401211204
0.5,0.7788944723618091,0.13963963963963963,0.23682200152788388
0.51,0.7788944723618091,0.14181152790484905,0.23993808049535603
0.52,0.7788944723618091,0.14432029795158285,0.24351924587588375
0.53,0.7688442211055276,0.1455756422454805,0.2448
0.54,0.7638190954773869,0.1477162293488824,0.247557003257329
0.55,0.7537688442211056,0.1488095238095238,0.24855012427506215
0.56,0.7437185929648241,0.15040650406504066,0.2502113271344041
0.57,0.7386934673366834,0.1524896265560166,0.2527944969905417
0.58,0.7236180904522613,0.153028692879915,0.25263157894736843
0.59,0.7085427135678392,0.15460526315789475,0.2538253825382538
0.6,0.7085427135678392,0.15719063545150502,0.2572992700729927
0.61,0.6934673366834171,0.15753424657534246,0.2567441860465116
0.62,0.6934673366834171,0.15953757225433526,0.2593984962406015
0.63,0.6834170854271356,0.16037735849056603,0.2597898758357211
0.64,0.6733668341708543,0.1630170316301703,0.2624877571008815
0.65,0.6633165829145728,0.1647940074906367,0.264
0.66,0.6432160804020101,0.1643132220795892,0.261758691206544
0.67,0.6381909547738693,0.16688567674113008,0.26458333333333334
0.68,0.6331658291457286,0.17050067658998647,0.26865671641791045
0.69,0.6180904522613065,0.1729957805907173,0.2703296703296703
0.7,0.6080402010050251,0.1776798825256975,0.275
0.71,0.5979899497487438,0.1811263318112633,0.2780373831775701
0.72,0.5728643216080402,0.1824,0.2766990291262136
0.73,0.5527638190954773,0.18487394957983194,0.2770780856423174
0.74,0.542713567839196,0.1888111888111888,0.2801556420233463
0.75,0.5175879396984925,0.18795620437956204,0.2757697456492637
0.76,0.49246231155778897,0.19029126213592232,0.27450980392156865
0.77,0.4824120603015075,0.19631901840490798,0.27906976744186046
0.78,0.4623115577889447,0.1978494623655914,0.27710843373493976
0.79,0.4271356783919598,0.19767441860465115,0.2702702702702703
0.8,0.3969849246231156,0.1984924623115578,0.2646566164154104
0.81,0.38190954773869346,0.20540540540540542,0.2671353251318102
0.82,0.36180904522613067,0.207492795389049,0.26373626373626374
0.83,0.35678391959798994,0.22468354430379747,0.2757281553398058
0.84,0.33668341708542715,0.2271186440677966,0.27125506072874495
0.85,0.3065326633165829,0.23552123552123552,0.2663755458515284
0.86,0.2914572864321608,0.2457627118644068,0.26666666666666666
0.87,0.2663316582914573,0.25853658536585367,0.2623762376237624
0.88,0.22110552763819097,0.2558139534883721,0.2371967654986523
0.89,0.21608040201005024,0.28859060402684567,0.2471264367816092
0.9,0.19597989949748743,0.3,0.23708206686930092
0.91,0.1708542713567839,0.3063063063063063,0.21935483870967742
0.92,0.15577889447236182,0.31313131313131315,0.2080536912751678
0.93,0.12060301507537688,0.3157894736842105,0.17454545454545456
0.94,0.08040201005025126,0.2962962962962963,0.12648221343873517
0.95,0.06030150753768844,0.3076923076923077,0.10084033613445378
